{"android_play_store_link": "https://ayman-mods.blogspot.com", "ios_app_store_link": "", "sticker_packs": [{"identifier": "islam", "name": "islam", "tray_image_file": "tray.webp", "publisher": "AYWA Store", "publisher_full": "Telegram Users", "publisher_email": "", "publisher_website": "https://telegram.org/", "privacy_policy_website": "", "license_agreement_website": "", "share_url": "https://ayman-mods.blogspot.com", "stickers": [{"image_file": "0.webp", "emojis": ["\ud83d\ude0a"]}, {"image_file": "1.webp", "emojis": ["\ud83d\udc4d"]}, {"image_file": "2.webp", "emojis": ["\ud83d\ude0a"]}, {"image_file": "3.webp", "emojis": ["\u2764\ufe0f"]}, {"image_file": "4.webp", "emojis": ["\ud83d\ude18"]}, {"image_file": "5.webp", "emojis": ["\ud83d\ude0a"]}, {"image_file": "6.webp", "emojis": ["\ud83d\ude0a"]}, {"image_file": "7.webp", "emojis": ["\ud83d\udc4d"]}, {"image_file": "8.webp", "emojis": ["\ud83d\ude02"]}, {"image_file": "9.webp", "emojis": ["\ud83d\udc4d"]}, {"image_file": "10.webp", "emojis": ["\ud83e\udd14"]}, {"image_file": "11.webp", "emojis": ["\ud83d\ude18"]}, {"image_file": "12.webp", "emojis": ["\ud83d\udd25"]}]}]}